<?xml version="1.0" encoding="UTF-8" ?>
<schemalist gettext-domain="gnome-shell-extensions">
  <enum id="org.gnome.shell.extensions.extensions-sync.provider">
    <value nick="Github" value="0" />
    <value nick="Gitlab" value="1" />
    <value nick="Local" value="2" />
  </enum>

  <flags id="org.gnome.shell.extensions.extensions-sync.data-provider">
    <value nick="extensions" value="1" />
    <value nick="keybindings" value="2" />
    <value nick="tweaks" value="4" />
  </flags>

  <schema path="/org/gnome/shell/extensions/extensions-sync/" id="org.gnome.shell.extensions.extensions-sync">
    <key type="s" name="github-gist-id">
      <default>""</default>
      <summary>Gist Id</summary>
      <description>You can create a gist from https://gist.github.com/ and use it's id</description>
    </key>
    <key type="s" name="github-user-token">
      <default>""</default>
      <summary>Github token</summary>
      <description>Generate a new token from https://github.com/settings/tokens/new with gist permission and use it</description>
    </key>
    <key type="s" name="gitlab-snippet-id">
      <default>""</default>
      <summary>Snippet Id</summary>
      <description>Snippet Id</description>
    </key>
    <key type="s" name="gitlab-user-token">
      <default>""</default>
      <summary>Gitlab token</summary>
      <description>Gitlab token</description>
    </key>
    <key type="s" name="backup-file-location">
      <default>""</default>
      <summary>Backup file location</summary>
      <description>Backup file location</description>
    </key>
    <key name="provider" enum="org.gnome.shell.extensions.extensions-sync.provider">
      <default>'Github'</default>
      <summary>Provider for synchronization.</summary>
      <description>Provider for synchronization.</description>
    </key>
    <key name="data-providers" flags="org.gnome.shell.extensions.extensions-sync.data-provider">
      <default>['extensions','keybindings','tweaks']</default>
      <summary>Data Providers that are going to be used.</summary>
      <description>Data Providers that are going to be used.</description>
    </key>
  </schema>
</schemalist>