{
  "_generated": "Generated by SweetTooth, do not edit",
  "description": "Syncs gnome shell keybindings, tweaks settings and extensions with their configuration across all gnome installations.\n\nSettings can be synced to following:\n\n- Github gist\n- Gitlab snippets\n- Local file",
  "name": "Extensions Sync",
  "settings-schema": "org.gnome.shell.extensions.extensions-sync",
  "shell-version": [
    "3.36",
    "3.38"
  ],
  "url": "https://github.com/oae/gnome-shell-extensions-sync",
  "uuid": "extensions-sync@elhan.io",
  "version": 11
}